-4.002775151587777414e-01,-8.904082473865549963e-01,2.166819416663923470e-01
9.450950397256686619e-01,2.361849695370729918e-01,2.258584203670716550e-01
7.783350335278653442e-02,-1.735758414805013972e-01,9.817399721974080506e-01
-3.043396443013833899e-02,5.877601381612976850e-01,-8.084626112552623090e-01
1.619851928239526562e-01,-1.975750670696916067e-01,-9.668117139227232482e-01
1.626649427935657199e-01,7.610635539350525669e-02,9.837418050762524180e-01
1.027331495025641944e-01,7.134556400802707365e-01,6.931283788959554659e-01
-2.919540897348671948e-01,-2.133676533829978184e-01,9.323288336080344241e-01
7.850163372212541901e-01,1.871456823359492483e-01,5.905301379935982142e-01
-9.510914323569494636e-03,-8.361465399218852637e-03,-9.999198109874147811e-01
9.587887330596116253e-03,-3.079280194211090338e-01,-9.513613442178154855e-01
2.237189832414211432e-01,-3.287381991209455401e-01,9.175407418617127497e-01
8.128769828972944034e-02,-1.999984696387631933e-01,9.764184155621556949e-01
4.251149118877682320e-01,-9.047584386864465644e-01,-2.625793815817474564e-02
-8.995301076843638111e-01,-2.706118691228798223e-01,3.429501445679505323e-01
-2.281442924843831432e-01,5.360808630165616595e-01,8.127530314395748912e-01
-4.924175056098121783e-01,-2.958735451457185639e-01,8.185254091669451615e-01
2.154304394614143803e-01,-7.385726961432299842e-02,9.737221520940042563e-01
-9.995236005884305941e-01,-3.085185483705087106e-02,8.572746660291425281e-04
4.355457174445410695e-01,8.476889654201573698e-01,3.028586236523951869e-01
-2.632607555265050192e-01,4.806204721727019846e-01,-8.364793699357461199e-01
3.450999812720384474e-01,-4.658870510322721259e-01,-8.147731332134680038e-01
-8.360253949325779921e-01,-5.207095358106805794e-01,1.729830001579703014e-01
3.369489621853776207e-01,-1.082430088642178517e-01,9.352800906221717669e-01
6.550780861796322296e-02,9.092461448893378595e-01,-4.110719827645148983e-01
3.783110313866110408e-01,-1.962580079905101027e-01,-9.046344885260541036e-01
-1.207844150352068435e-01,-9.490220269102214168e-01,2.911499914542635126e-01
-1.337481161927896178e-01,-6.570423104189740959e-01,-7.418940919930394617e-01
9.599609789995924292e-01,3.864955850217420552e-02,-2.774547358142060993e-01
-5.153475868719957775e-01,-8.186566283437255453e-01,2.534130809056509004e-01
-4.715603999943897284e-02,-3.078345626655042966e-01,9.502705877380973609e-01
-3.569950144648203483e-01,-3.231510374095511451e-01,-8.764290996243755405e-01
-8.510355222279838427e-01,2.712005374896774290e-01,-4.496540985818465730e-01
2.605096623988450294e-02,-5.269211769075028695e-02,9.982709491371731803e-01
5.603871642286877008e-02,8.781121339955475502e-01,-4.751618065369552779e-01
-6.308304807201824405e-01,5.433113142636913917e-01,5.539546194296098847e-01
-3.634392514485596526e-01,-2.894259569132370258e-01,-8.855193538095977868e-01
-1.005868361960941537e-01,3.176592252757888812e-01,9.428546574001985814e-01
-1.968382883937252331e-02,-7.489802126709415031e-01,-6.622999229273800470e-01
8.811087289097337960e-01,-4.111106004017056614e-01,-2.337423412144707946e-01
5.648802831859714990e-01,8.246775292216819153e-01,-2.858738296099306436e-02
-6.158264396895113402e-01,7.452503919126017840e-01,-2.556553334735148786e-01
-4.223597137334426654e-01,-2.129960702330057354e-01,-8.810476413227045223e-01
-6.109400546690411105e-01,7.500962365515210228e-01,2.531953504948971645e-01
8.465499407826505840e-02,8.484682503610339530e-03,9.963741978495940232e-01
-2.373041950897737395e-01,-1.122691380288106666e-01,-9.649260902468450585e-01
1.919208446022857562e-01,-3.944046822487830284e-02,-9.806175803407501945e-01
7.501657343934402256e-02,-9.845085497397959573e-01,1.584784818158706254e-01
-2.357599784356158301e-01,6.108887584686653049e-01,-7.557990191477167441e-01
-6.863497224199093250e-01,6.052151940217744830e-01,4.032847969602863514e-01
-4.134344379865386165e-01,-7.498958564933365378e-02,-9.074406468364177858e-01
5.535222068878510315e-01,6.718080581859393607e-01,-4.922266748546247350e-01
1.558664822443803222e-01,-6.598889283515917414e-01,-7.350185317063442358e-01
5.304155048615524226e-01,-7.710438939166290861e-01,-3.523502601905475484e-01
-1.802478092556636380e-01,-2.361334829065333263e-01,-9.548569031582501143e-01
1.180449294179464551e-02,-9.001902120109064320e-01,4.353369225624521555e-01
7.497769083079752761e-01,-3.739073476196154433e-02,6.606334238608387865e-01
9.679296674538878653e-01,1.760495893814922053e-01,-1.792169103104224170e-01
-5.320784972423574510e-01,2.354557097986601510e-01,-8.132976586069357028e-01
-5.073961778109661314e-01,4.590245204809025314e-01,-7.292774563498449769e-01
1.795720845870250049e-01,-4.970960963699190827e-01,-8.489106769330083679e-01
-1.909145753115332189e-01,5.899577743461919405e-02,-9.798321913360990010e-01
8.671653704588838663e-02,-1.354282761995811990e-01,9.869850172157523804e-01
-9.675805847369611801e-01,1.685072437904404641e-01,1.881305951466410997e-01
7.169626991805910787e-02,2.635265395736807181e-01,9.619840995672216399e-01
-2.562468597350310850e-01,-8.009210930610538570e-01,5.411681342852904253e-01
-9.723285043703288055e-01,-2.335723123733272066e-01,-4.610258293882463394e-03
9.416934068174052097e-01,3.255266905538072297e-01,-8.512285999491962796e-02
2.011402177421916238e-01,-5.768194465275210403e-01,-7.917208718445586380e-01
-1.011478369148640366e-01,-7.923331111330306209e-01,-6.016455402391815976e-01
3.427295464812240566e-01,3.262603113618400830e-01,8.809600826364664128e-01
-4.345859655502077867e-01,1.056625805852812044e-01,-8.944106761498615832e-01
8.137360600683160028e-01,-5.725508363921506527e-01,-1.000957755908947061e-01
-8.833065700807818388e-02,5.112855395803614922e-01,8.548595159723847425e-01
-8.142460941467817293e-01,-4.142985236923322212e-01,4.066448468050029574e-01
-2.575541567139679189e-01,2.636101990237429415e-01,9.296104126622181107e-01
2.759453827645178547e-01,8.464082624130903065e-02,-9.574393329418486864e-01
2.490732986473488120e-01,9.611977257797037488e-01,-1.185808747515973705e-01
-7.896785411922087050e-01,5.695831032214757617e-01,2.279975660070496790e-01
6.447851607393693119e-01,-5.697469207072198838e-01,-5.095493526979958387e-01
-7.751306960956191316e-01,-4.317968636751405853e-01,4.612199827529516183e-01
2.269153657263570795e-02,3.987396787847129476e-01,9.167833783018956018e-01
-8.341623599877572293e-01,5.447265962209252299e-01,8.629074428477441494e-02
-2.502630861299831033e-01,-9.521811497636022414e-01,1.752696372894093635e-01
-1.935306776798258743e-01,-1.263013924881379035e-01,9.729305396853079602e-01
-1.011542746287581590e-01,-2.615066093763684374e-01,-9.598865068208872753e-01
-6.531068738501993876e-01,7.337584466877562495e-01,1.872163273969204289e-01
-3.781578526381282335e-01,2.370642563410504944e-01,8.948727154481715962e-01
-5.412756154639668527e-01,-8.189734855345951470e-01,1.905338240193070742e-01
-7.436039779161650598e-01,4.273208782382196813e-01,-5.142470136510003398e-01
4.598726689786648558e-01,-7.197221830361327788e-01,5.201125912455328848e-01
-4.188169858147827718e-01,6.775169877293505394e-01,-6.046181139621663592e-01
-2.226231360176504984e-02,-6.599545320216944067e-01,-7.509756354617126428e-01
6.500482061167596193e-01,5.058150730228965219e-01,5.670876842492919012e-01
3.143588478870865122e-01,1.372292722795301900e-01,9.393330834079752778e-01
-5.337876681898594544e-01,-3.234481615720137815e-01,-7.813142850761894964e-01
6.936126393897985576e-01,-3.669378896390465550e-01,6.198855471988035104e-01
-9.835313886599158506e-01,-3.153555661560034085e-02,-1.779649296621160226e-01
-5.445969635780436580e-01,-6.776113832243837454e-01,4.942235937167632209e-01
8.752855468434875830e-01,4.703968269701844229e-01,-1.122587932559371560e-01
7.393313439230064787e-02,-1.284596223673442617e-02,9.971804615480300837e-01
-1.704904329567345500e-01,-9.849336333306534241e-01,2.896118444233725803e-02
-4.595442245367153400e-01,-3.057366778374674965e-01,-8.338730056308679695e-01
3.481349142163126520e-01,8.447403181793625704e-01,4.064675587864667872e-01
4.092354387107802194e-02,1.193414718096447863e-02,-9.990910067096465674e-01
-7.084568729311901958e-02,2.994701323348517366e-02,9.970376447207793813e-01
2.647626470814452571e-01,-8.519225310363555126e-01,-4.518060887405525583e-01
-6.133343809121586387e-01,4.018295937668948103e-01,-6.799661129528672410e-01
-1.912588727317704766e-03,-5.596065754413276361e-01,8.287561901591986580e-01
-2.577501471471278505e-01,6.459776263621023196e-01,-7.185247162660574061e-01
5.696200432676340464e-01,2.192094679743643859e-01,-7.921364878972403378e-01
3.363348790507619812e-01,4.456937135282142415e-01,8.295998811808854567e-01
7.932064138373974282e-01,-2.511881378264144704e-01,-5.547324620594269451e-01
-9.584809499905945218e-01,-6.707294777933499319e-02,2.771560718824647718e-01
-3.334195591912449408e-01,-8.679516909579181316e-01,3.680913741342039525e-01
1.431573770913107946e-01,9.915522048521304560e-03,-9.896502654002784505e-01
-6.889442050112242200e-01,7.236272504491360058e-01,-4.146667081977394032e-02
-1.336654595998334472e-01,3.703759555098266182e-02,-9.903341665446906417e-01
-3.767362758927210731e-01,1.651453382095970923e-01,-9.114805514623564031e-01
-9.815813394885734844e-02,-3.399171468300751231e-01,-9.353188301486180523e-01
-2.524178346282435204e-01,-5.778645842134311206e-01,7.761171039691284745e-01
-4.361203617421454681e-01,-8.463445650229048933e-01,-3.057775454968695295e-01
-8.070285012337033992e-01,-1.283204803263866267e-01,-5.764016416746987614e-01
6.346099333750063742e-01,4.622119262550532515e-01,-6.193790177987652523e-01
-2.470678694017275634e-01,7.510397867629232949e-02,9.660832574350317614e-01
7.198331235169945774e-01,2.373068201464014204e-01,-6.523233457417960679e-01
5.048018979636431647e-01,3.781179514401448727e-01,-7.760166612973021794e-01
1.449052083528225010e-01,-4.723853050416614852e-01,8.693989902069828579e-01
-7.441855976796005745e-01,-6.399266137812138489e-01,1.915247377775647353e-01
-2.124901153531647546e-01,-8.884416614411856372e-01,-4.068407121869990206e-01
-6.313885152849049165e-01,-7.684786993101598851e-01,1.038702626976957394e-01
-7.761170231242128237e-01,2.839497655996506831e-01,-5.630407596548525628e-01
-7.408545731982408844e-01,-6.364336300702179150e-01,-2.146782147468565272e-01
-9.694263234709799004e-01,1.819916286379793802e-01,1.645954144781524298e-01
-5.345160534307032973e-01,7.599646861128016295e-02,8.417345931963828853e-01
3.072396662637787990e-01,-9.494523913801206083e-01,6.437347261638208529e-02
5.615282190148452868e-01,7.808667426894259078e-01,-2.737392726877563298e-01
5.880509540182107253e-01,8.022888547491497935e-01,-1.026093028120246692e-01
-7.053388354832924589e-01,-6.152947576667573415e-01,-3.520077958609429958e-01
-4.503847317397361993e-01,-6.071316476224628556e-01,-6.546332987795223657e-01
-6.492121328621350829e-01,-7.388308116109073564e-01,-1.807004105113363679e-01
-6.733739236814887397e-01,7.719564514725441029e-02,7.352607641348039014e-01
-2.870278484468443553e-02,-4.804884361105912216e-01,8.765312389790554937e-01
1.247618346511531751e-01,1.815679480860794490e-02,-9.920205720733600296e-01
3.693003103400458592e-02,-2.672274013999021980e-01,-9.629255883758012224e-01
-7.641672518246898083e-01,4.073980106856407990e-01,5.000752664630431221e-01
-3.226146170505280186e-01,-3.680165714217184525e-02,9.458147000850278818e-01
-8.745894455914579591e-02,-5.898644514078538181e-01,8.027520551091176237e-01
8.511548538540067987e-01,-5.136245318825607420e-01,-1.082832166551428582e-01
2.580405994457014573e-01,-7.428282840139338594e-01,6.177549591113108418e-01
-1.878614712309845808e-02,9.225141453792294888e-01,-3.855058135119353024e-01
4.604025494995796497e-01,-1.391205407965637464e-01,-8.767411063379877412e-01
1.045380266870916119e-01,-7.179545423476565991e-02,9.919260122244968336e-01
-7.210269323114119888e-02,4.591426952421147067e-01,-8.854316388262972737e-01
2.067049813800658220e-01,-1.138750183743280353e-01,-9.717538427312305549e-01
3.128050174395243660e-02,-2.752845762627453841e-01,9.608537517658383154e-01
1.011273242213401730e-01,-7.013115728277609373e-02,9.923985515275657310e-01
3.596422944688064671e-01,9.200499645140595151e-01,1.554525098764577284e-01
1.475330632966932176e-01,-4.656652488905396736e-01,-8.725765703994152744e-01
-2.024455195141267316e-01,-9.686278119050522051e-01,-1.441387305087921678e-01
4.747182481016380406e-01,-8.685378160946531922e-01,1.424241795933613164e-01
-6.545707585130534634e-01,6.089507414350995296e-01,4.480135227928822017e-01
-1.332943915844748417e-01,-3.942369693162626199e-01,9.092908320204559081e-01
6.643271525665035426e-01,1.781656986262474540e-01,7.258969749185505416e-01
1.951582822913612847e-01,-7.770154556760330289e-01,-5.984648916132441210e-01
-6.360771675319384366e-01,-1.863098913585247568e-02,-7.714004946772888838e-01
-5.719913709880057873e-01,-5.048556510973842837e-01,6.464879295627241618e-01
7.519213444390004941e-01,2.010295532918351114e-01,6.278546093486383484e-01
-8.178145285069024495e-02,8.515404959652546069e-01,-5.178711979835125545e-01
-6.671787104820632308e-01,-7.392041888103162428e-01,9.192244298740979980e-02
-9.213052978005081828e-01,2.408209509964754358e-01,-3.052897276455104891e-01
9.033233928415592695e-01,-4.186134647146491639e-01,9.364622312091024081e-02
6.297365702756416717e-01,3.680772338442415692e-01,-6.840694423690065751e-01
-7.932822608078359261e-01,-5.905016702182211974e-01,1.483611544748143496e-01
-3.135065090409792088e-01,-8.522386585624843747e-01,-4.188113389589106506e-01
-8.073422112644892401e-01,4.564827340023610569e-01,-3.739278907333532520e-01
5.059861530179055045e-01,5.450716912479002668e-02,8.608176238136288072e-01
9.211715744075589241e-01,-1.976757970686820326e-02,-3.886543107904911754e-01
8.987120424405932173e-01,3.142038753474244994e-01,-3.059290595692365500e-01
4.140813854042308534e-02,2.818617618413343795e-01,-9.585610639256718635e-01
8.961451485366728198e-01,-1.060795482181868393e-01,4.308955815554506574e-01
4.626601825455565337e-02,-9.131235975294733909e-02,-9.947469570253619775e-01
-2.006330231672759645e-01,-1.230966973628379590e-01,9.719020491351590962e-01
9.711896759209164287e-01,2.190550928012408582e-01,-9.383751756341943140e-02
-5.989574883221637780e-01,-7.926951475069728970e-01,-1.135091639547375353e-01
2.952539154715059788e-01,5.498123259323132173e-01,7.813651717677494446e-01
-6.580729066833495011e-01,7.090868100724379008e-01,2.532507557157963607e-01
1.166109034660494231e-01,-5.956329516646741151e-01,7.947473083213680844e-01
3.249711912267578412e-02,1.895534771569574728e-01,9.813324699338310531e-01
6.287603547931418513e-01,-7.264968904382346215e-01,2.772412026088083015e-01
-9.580069265415898094e-01,-1.827521765738591708e-01,2.209623738464401022e-01
3.046873074620778943e-01,8.547578837327439727e-01,-4.201840131040567305e-01
6.886705971855157093e-01,7.232526559582825865e-01,-5.136539906819999335e-02
-5.752660166809213382e-02,5.787021166107906289e-01,-8.135075600943800778e-01
-8.142411137944926755e-03,2.682403469490163284e-02,9.996070089307834694e-01
2.429721397064019961e-01,9.454440046052280389e-01,-2.170257438243727022e-01
7.217235226583091912e-01,3.892650570220979045e-02,6.910860177977100616e-01
2.602587240550899850e-01,-1.321975895597205485e-02,9.654484111159759019e-01
1.558377581726796690e-01,1.917784088221423378e-01,-9.689869116955918127e-01
-6.317716636563001920e-02,-9.474565748031031909e-01,-3.135836164603967857e-01
1.805675405290510516e-01,-2.489263985171242255e-01,9.515413871338352925e-01
-1.902716707807103336e-02,-7.753082940953731628e-01,-6.312962981199126133e-01
8.044591733067010253e-01,4.984063441533129191e-01,3.231664502859610266e-01
9.000662597835383527e-02,9.804154164610445754e-01,-1.751696847217267816e-01
-9.135369177781569316e-01,1.539855953777750641e-01,3.764820530550387900e-01
-2.776546283398722073e-02,-4.327640466681063891e-02,9.986772410907984732e-01
9.472641793077474226e-02,-1.030047286695368568e-02,-9.954500519889089016e-01
2.006591221634903832e-01,7.226787266214336203e-01,-6.614161887808618356e-01
-7.065124725445184883e-02,9.626283863717588485e-01,-2.614478743701967312e-01
5.330788217155787434e-01,7.568703818252335846e-01,-3.781192866729430335e-01
3.931121361815951426e-02,-1.124739002472123842e-02,-9.991637126624941523e-01
-2.197885919604467830e-01,-3.835851096201903232e-01,8.969701436066368494e-01
1.231241222618689735e-01,9.552526162956272160e-02,9.877830606503879007e-01
-5.087750788202480834e-01,-6.671494963838076053e-01,5.441134703775327708e-01
8.799044205544899189e-01,4.434077754544279992e-01,1.707564211244278207e-01
5.104851489788293506e-01,-8.111354255757999843e-01,2.854194002656936791e-01
-8.298348358174318928e-01,5.574247838641991359e-01,-2.552950445674032065e-02
-6.701518102963159862e-01,-3.557615822618098722e-01,-6.514063614543107450e-01
-5.482701689886463337e-01,3.423867544535596497e-01,-7.630013972280254020e-01
-3.125482351294686101e-01,9.024909282262464361e-01,-2.963506794100234654e-01
1.975637121684811481e-01,-1.543843629335447075e-02,-9.801684724163625129e-01
9.978488750771870031e-01,-4.656384114734858637e-02,4.614576042061820094e-02
4.081253876875369224e-01,-5.074847000684988563e-02,-9.115142679721812691e-01
6.176963772968727673e-01,2.516419929411548018e-01,7.450687839809979618e-01
5.989793562032954544e-01,-1.112856093908140831e-01,-7.929938486424726873e-01
1.885820135275948981e-02,-6.640159067804439763e-01,7.474805975972108607e-01
8.466462841119561100e-02,9.747756650319673311e-01,2.065049722342780503e-01
-7.927902756315909905e-01,-5.033065387332178453e-01,3.437529737069540681e-01
-9.340370190326007238e-01,3.843878160931452070e-02,-3.551018264457174167e-01
-9.176594066057973675e-01,7.215790850272135737e-02,-3.907613718222523458e-01
-1.798955543491269349e-01,8.118398660844583503e-02,-9.803299188761811500e-01
-7.770968911296461945e-01,-6.046783196610305833e-01,-1.745982575186568464e-01
-8.723583387560673863e-01,-3.773453850491695349e-01,-3.108076401648587339e-01
-3.758571790714315131e-01,-6.709741942160804551e-02,-9.242452689883928763e-01
5.191061279341196988e-01,-3.650047238043506170e-01,7.728521071600665815e-01
9.965712421165963120e-01,6.240954034564170222e-02,5.432134626488835383e-02
8.799988407016152703e-01,1.010370516124793755e-01,-4.641051115483112999e-01
-2.794203179271922965e-01,1.779453547122126778e-01,9.435357633210368355e-01
-2.020125382517377333e-01,-1.154059920261668870e-01,-9.725597109656283212e-01
5.387438715497681885e-02,1.504181713183226909e-01,-9.871534450863894694e-01
9.828869701488282540e-02,-5.561433792294171452e-01,-8.252538238496088807e-01
-3.037373113760740706e-01,1.464196884867930981e-01,9.414376880609063303e-01
9.644944002307398456e-01,-2.627853881752042486e-01,2.635131277854274243e-02
-6.237008403942543439e-02,-4.025702081526310594e-01,-9.132618464191211149e-01
-3.149425325276195564e-01,-5.421896838814785347e-02,-9.475608184554774605e-01
-5.377047644642255486e-01,-8.312602294735959019e-01,-1.409965147369832972e-01
2.178174264166202190e-01,1.131160600482105649e-01,9.694123610251779155e-01
-1.260978906944733025e-01,-2.399440693238327760e-02,-9.917275787222858963e-01
4.274439127070408379e-02,-1.070152085762525324e-01,9.933381408907432375e-01
3.456992229743582334e-01,8.169751726329406161e-01,4.615664789998311646e-01
3.193278216364833222e-01,7.976436327113171076e-01,-5.116584578837642949e-01
-1.871193775863215780e-01,-1.818721573771223676e-01,-9.653542649735893377e-01
-3.419149853476701195e-01,1.418748215441419658e-01,9.289594597217472050e-01
-1.159124631379253034e-01,8.955555429011252677e-01,-4.295865110409892162e-01
-6.097393633574310634e-01,3.056033659544832859e-01,-7.313169569275450588e-01
-2.984899510908765041e-01,5.544731172493319038e-01,-7.768290103655853818e-01
-1.204755329012740517e-01,1.596339879669273210e-01,9.797972422179647145e-01
1.305760199185114212e-01,-6.346863441959416097e-01,7.616581565987666780e-01
1.720362028640506913e-01,6.183473774942076229e-02,9.831480102769772911e-01
8.500512261444230500e-02,9.932867387668530279e-01,-7.845752812326511894e-02
-1.372012500840834592e-01,1.345223515914544254e-01,9.813661670842692697e-01
4.632786354833058340e-01,-1.249319189096505661e-01,8.773624801313757438e-01
4.723335821477864793e-01,-2.443318056912857361e-01,-8.468783595671081077e-01
-5.457621159046917997e-02,-1.040226925969248983e-01,-9.930763900895630547e-01
5.437362159594139044e-01,7.700408678010212116e-01,3.337483923113157558e-01
1.090976932365174956e-01,8.243089864608273976e-01,5.555289264929362814e-01
4.392208957680858172e-01,-2.513727334731667429e-01,-8.624944948154211755e-01
8.005984026765442518e-01,2.235391481004912473e-01,-5.559428449924259663e-01
1.144284599044152612e-01,-9.323772469087059367e-01,-3.428976480100813795e-01
-6.069152972300220217e-01,-7.871388911206296246e-01,1.098462019078479540e-01
6.812629633460903777e-01,-7.188611455293413277e-01,-1.382730205829993952e-01
1.167303069919589306e-02,8.926670684258432298e-03,9.998920216227302760e-01
1.945691384217479725e-01,4.401504614959473871e-01,-8.765902244599372839e-01
-5.518682688329276664e-02,-6.674174364937344173e-01,7.426361017367021367e-01
-4.444622784321252545e-02,7.208089034198996055e-03,9.989857738141141308e-01
-4.817785780695782449e-02,-7.826849414216114839e-03,-9.988081069181306004e-01
4.784907857961878119e-01,-5.492699980319489805e-01,-6.850905320978604163e-01
-9.355517029545717955e-01,3.504196167227557335e-01,4.414865020221733077e-02
-2.297940917670359962e-01,-9.052854262860989820e-01,3.572855613412878051e-01
-8.323360650260837046e-01,-3.433276488107048219e-01,-4.351353817135630297e-01
8.075193112213961688e-02,1.245586570226972917e-01,9.889207584942016904e-01
3.705432448237801490e-01,3.831324113690130484e-01,8.461130297271337586e-01
-3.791876910865923378e-01,8.629027202321321033e-01,-3.340891951925500925e-01
1.089003259217398295e-01,-6.050419774230121339e-01,-7.887109258595256245e-01
-4.376800792506322368e-01,-6.838232163609877512e-01,-5.837995863246856487e-01
2.792533819803347250e-01,8.790664236947842713e-01,3.863415216942222563e-01
-6.099609965486235685e-01,-4.565781218554216814e-01,6.476758458769215077e-01
-6.113886698436541423e-01,1.058293204425978795e-01,-7.842219388167263050e-01
-5.783697234751338234e-01,-6.373527024545705411e-01,5.091856200258927378e-01
-5.571950375590073445e-01,7.715843382820777308e-01,3.069060101031333976e-01
5.537588271204645363e-01,-6.135334695668904770e-01,-5.629634473990128285e-01
5.533116371499575276e-02,-9.440337178877743485e-01,3.251750325792717722e-01
-1.673034486987086400e-02,-1.920330411332079809e-02,-9.996756117219557369e-01
6.573364076956269564e-01,-2.350517435212232942e-01,7.160024615777809132e-01
-2.330184016002422587e-01,-2.982926114589513622e-01,-9.255938323393622102e-01
1.059495412869636555e-01,-9.866942904419613303e-01,1.233250660259966880e-01
-1.019044601015121204e-01,1.654097953563248569e-01,-9.809460130973559622e-01
5.108524940017966642e-01,8.191015339489450264e-01,-2.609643777503540818e-01
-3.433568312914753728e-01,-5.820326079269088487e-03,9.391869942720716402e-01
-1.503584933648549060e-01,-6.842568591474408324e-01,7.135719124115874612e-01
5.404168849216176712e-02,4.000481641677237077e-01,-9.148994273967768764e-01
-8.752705583896683988e-03,-1.660024872461594164e-02,-9.998238954372127285e-01
5.569034803035056713e-01,3.126935265344771842e-01,7.694681748384888387e-01
-7.977477272504939210e-01,6.022639677606346220e-01,2.960872850848017546e-02
-3.003995723708584586e-01,1.090345035708295968e-01,-9.475608550116810802e-01
5.205249226386442218e-02,2.509291790113895027e-01,-9.666049271392063158e-01
2.564303167696199010e-02,-9.924440081160784688e-01,-1.199888564863736545e-01
-1.259446961146371002e-01,-3.972304095165639370e-02,-9.912416524431086895e-01
8.318240495155342362e-01,-5.406196633666588980e-01,1.256945910884729456e-01
9.958288836550385215e-01,-8.788589032775200038e-02,2.451335880001224293e-02
-8.702271665990948812e-02,8.909350934241578868e-01,-4.457148259710644878e-01
-8.724769612345617542e-01,2.385917295513967640e-01,-4.264480492446625082e-01
7.482411348493062109e-01,6.235874995309941271e-01,-2.264372640448227836e-01
8.481673307624562064e-01,-5.260517329665944652e-01,6.230371794791210449e-02
-8.647859398434322442e-02,5.455825143923426213e-01,-8.335833328299099287e-01
6.125892956045416726e-01,6.848669011912509319e-01,-3.945778536150055804e-01
-3.204935823792329774e-01,5.304897158495678333e-01,7.847703645217309898e-01
9.337610948473144823e-02,-5.607701242750217502e-02,-9.940504367760728544e-01
4.615006609705866319e-02,-4.260056749572399548e-02,9.980257326583715782e-01
-9.859843705956149451e-01,-4.955152902228155548e-02,1.593093434570707623e-01
7.892701289808842224e-01,-6.140208557387698551e-01,-5.572451554496814750e-03
3.655654531488373715e-01,6.208330880220201964e-01,-6.934898530484261414e-01
4.301794533020998346e-01,3.520530480225014802e-01,-8.312666776280478453e-01
2.136746393539010747e-01,-4.677450921082251245e-01,-8.576465923127359892e-01
1.387655283592071631e-01,-1.673344803962699412e-01,9.760857031069046785e-01
-1.929436181646389248e-01,-8.417704577605098493e-01,-5.041778026164973614e-01
-3.202546141237016392e-02,5.973270032395330276e-01,-8.013581103490522439e-01
-3.891659872006843213e-02,8.444784173075105260e-02,-9.956676455379471768e-01
-7.569945089084854084e-01,5.740403074163284020e-02,6.508948384624160255e-01
-5.083950173506759374e-01,3.684038114471753500e-02,8.603355697924606194e-01
-3.185792871743674259e-02,1.143319598128819392e-01,-9.929316569347460542e-01
-7.972827386336398536e-01,-3.771395181839711230e-01,-4.712812520149781692e-01
-3.996587729983219067e-02,-4.956697234814046171e-02,-9.979708632539796564e-01
8.697767289417153158e-01,1.466266842392499048e-01,4.711571470968611286e-01
3.714883912641698260e-01,7.832227307939690908e-01,4.985564452733480256e-01
1.118011459538618413e-01,4.638064130128023432e-01,8.788538644232049002e-01
-2.953255343264414856e-01,9.466183221695213534e-01,-1.292152502909854894e-01
3.632001198832465749e-01,-5.253297761516445563e-01,7.694896355411542377e-01
-9.222376543480899080e-01,-1.486187174108008213e-01,-3.569176175782049487e-01
-4.556602836911761711e-01,-5.007557230014568761e-01,7.359466093051622027e-01
3.583133525869381386e-01,-8.261330781106154264e-01,-4.348743250749445566e-01
4.422690033397565501e-01,8.935531806778638231e-01,-7.720648926956398539e-02
-6.290281875840498214e-03,-2.646267938668118644e-02,9.996300110308814491e-01
5.466959626653337123e-01,1.938715500738031339e-01,-8.145780174282908348e-01
7.814664967362189296e-01,-5.027206334915720193e-02,-6.219186716327460562e-01
6.679190373520832100e-03,-1.704928011343540559e-03,-9.999762405359591266e-01
3.457631210242543274e-01,5.991637090373911345e-01,-7.221154436183478964e-01
5.256834118894080365e-01,-9.230360791027253375e-02,8.456577288898018407e-01
5.354794373822892029e-01,4.804588169928263874e-01,6.945654017546517567e-01
7.893794671013920627e-01,-3.610538703608797140e-01,4.965079653098742329e-01
8.354234557097600655e-01,4.879295254341556864e-01,2.529672466141852372e-01
3.284385124496065900e-01,-1.841833516877457722e-01,9.263933486920973293e-01
-9.990513319352738453e-01,1.506554452901697622e-02,4.085909355821846362e-02
1.607087016628936105e-01,5.047882267746615220e-02,-9.857102016672668610e-01
2.425575266993485746e-01,6.374977181141822102e-02,-9.680401917459248162e-01
-4.139603024565980949e-01,5.794200557832237530e-01,-7.020749724539451231e-01
-7.364805799885463244e-01,3.830549026139288271e-01,5.575529543309477587e-01
-3.529943531274544188e-01,-9.279328902097573328e-01,1.197311067646853605e-01
-4.115147380780653785e-01,-1.941203517039425397e-01,8.904902635059402938e-01
-2.008891485401678167e-01,-9.699934797326159597e-01,1.369532740573142782e-01
3.032255751032078908e-02,1.300967185726058977e-03,9.995393188816610319e-01
2.680265576939444561e-01,-8.858325385418849840e-02,-9.593303766207651462e-01
4.316006181071804226e-01,-3.646987424456487603e-01,8.250549882935452883e-01
-6.793160504596290616e-01,1.991492998404177928e-01,-7.063067746815133718e-01
-4.531520372385898221e-01,4.903976007649153424e-01,-7.444215367051992827e-01
8.879400037778548693e-01,4.597183868827797726e-01,1.488470533393094174e-02
-9.187992686716807134e-01,3.900232734779590649e-01,-6.074331266832436182e-02
-4.146071868624690016e-01,3.343357277471670774e-01,8.463571951332143906e-01
-7.572292156797645335e-01,3.890662639747349272e-01,-5.246249681036450063e-01
-1.229002778578743710e-02,3.242059560872299386e-03,-9.999192188706187423e-01
9.675097644040391298e-01,-1.826346367438970442e-01,1.748412000767134988e-01
-6.287022959263000033e-02,2.463751936693769073e-01,-9.671331853345468410e-01
-7.976093049523337308e-01,5.666871285226914301e-01,2.066037149234294101e-01
7.871220271091116105e-01,9.546629886193118419e-02,6.093645052193698008e-01
3.171225522607151737e-01,8.647780402237312258e-02,9.444336272386313347e-01
1.278681832412104369e-01,-6.739203087238473389e-01,-7.276545507341698471e-01
1.222617134288162266e-01,3.169920048288519254e-01,-9.405148283275682752e-01
9.158774333849366567e-01,3.686708221356539972e-01,-1.589035931690716830e-01
3.608783958205265263e-02,3.650561612795737432e-01,-9.302857985297431354e-01
-4.180937285330683650e-01,-7.685808542458115733e-01,4.842324902854985846e-01
-7.573348816356760826e-01,-2.195300434432545869e-02,-6.526575998623891373e-01
4.875860721558234467e-01,8.644976441312911541e-01,1.220804879213036043e-01
5.010442872278968451e-01,-3.893573371107106884e-01,-7.728877578758414080e-01
-6.445745838410712469e-01,-3.218085122111784546e-01,6.935148789568523764e-01
6.316521254508452587e-01,-3.035930902458616742e-01,-7.133350040257366853e-01
-8.833187738254031363e-01,-4.647235054141165556e-01,-6.148176415167292547e-02
4.369756468529124027e-01,6.512235259150118971e-02,-8.971127929365554365e-01
-7.117019234022590179e-01,3.427677045189609362e-01,6.131807832640611133e-01
-6.800079987431208173e-02,6.599147368041882178e-01,-7.482569287117312173e-01
-2.822815314340482717e-01,3.499432680249519589e-01,8.932283281307556999e-01
1.238231556426122176e-01,8.392366261046827480e-01,-5.294806054343581536e-01
-7.941203467227826440e-01,-9.819686076351204218e-02,-5.997751674228259944e-01
3.089559352654433488e-01,-6.365316465880326291e-01,-7.066637764567977875e-01
5.561094194112931044e-01,-4.519832821625978103e-01,-6.974621325115507586e-01
-9.784038799596559421e-01,-6.394179011321500516e-02,1.965637178041985678e-01
3.010855197553262697e-01,1.326452468603729895e-01,-9.443266110192043428e-01
-3.702228749938958896e-01,-8.668759459931140166e-01,-3.338579294996569247e-01
-5.255464795442249537e-01,-7.279645842397856059e-01,4.403049646906876391e-01
-2.938451534461117842e-01,3.048326433759824261e-01,9.059426501322488390e-01
-8.799814101432719138e-01,4.363893240592688350e-01,1.876088368104044668e-01
1.140000171889236913e-01,-5.157502508419518072e-01,-8.491205302178183034e-01
4.329309156139247161e-01,-5.258063854214731769e-01,-7.321874537000030436e-01
8.397579530313736829e-01,-5.430376659004749335e-02,5.402385410674535038e-01
3.264196809885852590e-01,-2.561944779329118349e-01,-9.098431630451442320e-01
2.605451399136367030e-01,-3.542904102961159495e-03,-9.654551661770217619e-01
-5.522828022149562921e-01,-2.267431078621728532e-02,8.333484157349586585e-01
-4.097646936298832143e-01,7.182593468909115320e-01,-5.623134414703681028e-01
-4.241405864164915496e-02,-5.319741747567818119e-02,-9.976828566250204311e-01
-2.201600851601794862e-01,9.152755750247624222e-01,-3.373427910380670247e-01
6.507565891836461502e-02,-2.636257134674179214e-01,-9.624274735350896171e-01
-4.125718786729359877e-01,-8.475189996071038623e-01,-3.339101529352741515e-01
4.459908857586438180e-01,4.848497480895242462e-01,-7.523382561040913297e-01
-4.881868753526335536e-01,-8.289345366956724082e-01,-2.730221760344075932e-01
6.124039932421019294e-01,-7.884217799048994779e-01,5.790031116253029075e-02
5.776040366844303886e-01,-6.360842952568416253e-01,-5.116349735245415697e-01
-1.259119058896762400e-01,2.366123071121730148e-01,-9.634110275880611862e-01
8.439790625505226573e-02,-4.961985935197196079e-02,-9.951958917608402233e-01
-7.517011017660156780e-01,5.607205880434654732e-01,-3.471856502621449292e-01
-6.813484739650855770e-01,4.468423935433282201e-01,5.797379859539294467e-01
-1.859903778476602876e-01,-5.562862280112452762e-01,-8.099093849765574005e-01
9.630286231869986668e-01,2.692505692103164261e-01,-8.944378260923679588e-03
-3.972253933373552648e-02,2.467956133624846782e-01,9.682530893800003202e-01
-2.336741035241969300e-01,-1.944750422126948486e-01,-9.526677654347991409e-01
4.594533615423322948e-01,5.455554313548929279e-01,-7.009078968642226126e-01
-4.305919661007952433e-03,6.481627260831958684e-03,-9.999697233236237714e-01
7.278795930370901557e-01,-6.755229035082499500e-01,-1.177289466356673253e-01
-1.714258007141591655e-01,-3.702620870901585648e-01,-9.129727168503718460e-01
7.084030882201454160e-01,-6.993030773014751178e-01,-9.560476283558248800e-02
-2.771279690868813650e-01,6.283573322168722886e-01,7.268886790967896694e-01
-3.239496510328614964e-01,-2.230406624057577336e-01,-9.194071386003526136e-01
-1.465283974124336787e-02,-5.631523522281428606e-02,9.983055086341637852e-01
-2.803191037761085247e-01,3.220903458062158303e-02,-9.593663419932677572e-01
8.486069989715225859e-01,1.396769513668462415e-01,5.102514189626617958e-01
-6.800891107679934988e-01,7.324403983554492736e-01,3.177836169016293177e-02
-7.280625296961560355e-01,8.434839105209360199e-02,-6.803016255892359032e-01
-6.751833909898936614e-01,5.310858993238187775e-01,-5.119327651858192052e-01
-2.107529981273043584e-01,-8.613602826001985902e-01,-4.622138437338918493e-01
-2.427748936509253885e-02,-8.360625981648731608e-01,-5.480966479188954521e-01
-8.532025877760757160e-01,3.071279394447294642e-02,5.206746282471733656e-01
-8.092556460959938747e-01,3.769443785070172859e-01,4.505754484808443538e-01
-1.100596324959854551e-02,-7.559856015840223098e-02,-9.970775930061436254e-01
-1.815131653830039382e-01,2.092592285244710137e-01,9.608660396069711451e-01
-6.461556292582324446e-01,-3.193666535249416460e-01,6.931723042607643714e-01
-1.211571562785929007e-01,6.682157485194993862e-01,-7.340358689553323490e-01
-2.187400819895719550e-01,-1.773119152451983760e-02,9.756220484277280391e-01
-1.952624293071977268e-01,4.477896427997275774e-02,9.797282419421543542e-01
3.545558697772656642e-01,-5.119390933762579809e-01,7.824375373661348609e-01
-1.744541941347833303e-01,5.325191498012964431e-01,-8.282445829848135155e-01
9.493301503697753052e-01,2.787973413223068242e-01,1.450665642748637518e-01
-9.423930077518709592e-01,3.306087790288214090e-01,5.092400386314843708e-02
5.405743409193589644e-01,-7.189398693467489165e-01,4.369265913208765229e-01
-8.695936601750200445e-01,4.680436990239850714e-01,1.572957786698583882e-01
2.043137716168114404e-01,-5.808415003018117112e-02,-9.771806968227446655e-01
3.834297331528858099e-01,-8.482350860316746344e-01,-3.653476133207173016e-01
1.741793858430334130e-01,-1.594873996210323941e-01,9.717125659933932846e-01
1.792776036540718043e-01,-1.575374279896823299e-02,-9.836723846972006413e-01
7.968769446035949278e-01,-5.258609397119489159e-01,2.974179000068846723e-01
-4.625401377759176813e-01,8.719898575630543602e-01,1.602819679608387393e-01
-7.496567658685708846e-01,4.282241005340761131e-01,5.046175315119920679e-01
-6.256903026270853596e-01,7.290228309912619720e-01,-2.775560431550935792e-01
5.823398396496837215e-01,-7.827993004403869248e-01,-2.193298118971093724e-01
-6.529538897736780756e-01,-7.254228889595133456e-01,-2.177449195803590198e-01
6.351285714551491157e-01,-5.827910486102688692e-01,-5.069184267523570986e-01
-7.773568459103900041e-01,4.267616488175240419e-01,-4.621588787579425373e-01
6.143543080469556772e-01,-6.589539640664006104e-01,4.339913103108439252e-01
2.241655810393065051e-01,1.793682232839582946e-01,9.579023085645352875e-01
1.764143619328310264e-01,-1.408189278791843746e-01,9.741909476354156938e-01
6.683119633212212252e-01,-4.565471840909761103e-01,5.873021270013715212e-01
-3.151107500812747597e-01,4.961777391092981326e-01,8.090196946895679142e-01
-3.458644327392199624e-01,-6.817945887442594666e-01,-6.446192154481773517e-01
-9.366388741993090239e-01,4.758727327049514649e-02,3.470490898436850435e-01
7.558443796504864254e-02,-8.325771224911179824e-02,9.936574591319444760e-01
2.847692761528480276e-01,6.164673045837386345e-02,-9.566118021345835221e-01
7.069393498078208049e-01,7.050259392717773688e-01,5.634874131019950577e-02
-9.016961601012211114e-01,3.356493174933415924e-01,-2.725501247935266380e-01
2.295268700402067208e-01,8.844856616908461922e-01,-4.062050346719648930e-01
1.128830006985194825e-02,4.812403069510941094e-03,9.999247046944232942e-01
-3.675109645230242861e-01,-6.973296869930327713e-01,6.153592435265398120e-01
3.855519379669485325e-01,1.600606222627570241e-01,-9.086970344018897583e-01
-1.502502623210362209e-01,2.501447823386819883e-02,-9.883314902152754433e-01
1.992856209721743932e-01,-9.443867761662939619e-01,-2.615699873379381257e-01
4.380754784248944156e-01,-1.004767374629983168e-01,-8.933052672136170269e-01
-2.668848829007895995e-01,2.620914428457732370e-01,9.274052700227946033e-01
-2.735644433469271442e-01,9.443179816366785717e-01,-1.828279105987799247e-01
2.852075952451875729e-01,-7.440361912832929026e-01,6.042075584392406773e-01
2.028037988723803420e-02,-6.276925956680052821e-01,-7.781970904180967041e-01
-6.027967698304698141e-01,7.965986612655964194e-01,-4.546017104907593837e-02
-2.181615075135252546e-01,7.998678392738231002e-01,-5.591216292854817027e-01
7.923643099128216960e-01,5.531903206432365466e-02,-6.075348591380121954e-01
-9.936917874793629313e-01,9.755631708751837106e-02,-5.531181150882902992e-02
-9.827302915044267353e-03,5.130968076568459546e-01,8.582744841190198537e-01
-3.090735840368590281e-01,4.633126288779835233e-01,-8.305509783106528321e-01
-3.672869566253062490e-01,-2.793332611441076141e-01,-8.871714719892193068e-01
-2.555066346268390354e-01,6.401952159124297825e-01,7.244766698690195961e-01
-1.934130258359623433e-01,1.742580285842903198e-01,9.655182758036712221e-01
-9.323635399630175735e-01,2.856504043947461491e-01,-2.215898820270197911e-01
-7.319742551429413435e-01,3.938649375963403365e-01,5.559533260447024894e-01
-2.291921495562606603e-01,-2.312693524480888829e-01,9.455080355026191929e-01
-7.066591572485737549e-01,3.462385019885653170e-01,-6.170508368177211045e-01
-7.556187528669058850e-02,6.767454857735126783e-01,-7.323291271609583264e-01
-2.855331426131322847e-01,6.261961992852980996e-02,9.563208706650060398e-01
-7.020962361764367943e-01,-2.949039146981292658e-01,6.481454745985655297e-01
-5.473369934139930004e-01,5.355195606608909031e-01,-6.431492951019203153e-01
7.755257349303661396e-01,4.061157076086826523e-01,-4.833527350643775922e-01
-1.465856538517654462e-01,-3.694145631161093735e-01,-9.176303867258235325e-01
4.316175208872002206e-02,3.189572477326263478e-01,9.467857927089210479e-01
-4.694207669690280138e-01,-2.824724179491113762e-01,8.365724574931880930e-01
2.839679555234230768e-01,-8.688041779856476854e-01,-4.056371538093252460e-01
1.213105306474921707e-01,-5.780297469801188859e-01,-8.069481809633897162e-01
-2.460959762447729460e-01,-1.761733523224399134e-01,-9.531000579202614231e-01
-6.169908355843076730e-01,-7.405037526378152601e-02,7.834786855609225942e-01
1.900243773283324944e-02,-7.144712798280192234e-02,-9.972633630406859684e-01
6.358242430299217152e-02,-1.054480352639782514e-01,-9.923900378272250133e-01
-4.797289899128727719e-01,-3.663447819106211423e-01,7.972776160184319449e-01
-1.352556756625276522e-03,6.118912196364294925e-02,-9.981252736723674746e-01
-1.496055883708133083e-01,7.430319971471824880e-01,-6.523201814628245554e-01
-5.939944699028081310e-01,-1.695982730144724171e-01,-7.863885779405690446e-01
4.455288548196723736e-02,-2.296494691211562744e-01,9.722531366509453710e-01
5.216873294353524537e-01,5.864033088268869598e-01,-6.196559446204714661e-01
1.043699785919329076e-01,-6.106811697412207751e-01,7.849684175125861696e-01
7.255317627104573841e-02,-1.859112413580052414e-01,-9.798842007858419301e-01
9.831865805103080502e-01,-1.678885515440287426e-02,-1.818303666801896479e-01
1.800509590456051134e-01,9.462116300253210488e-01,2.688218803438119919e-01
6.958703320113115431e-01,-6.921088278944612648e-01,1.917025074875710056e-01
4.237928904530119945e-01,-6.013543878335162463e-01,6.773274586452687762e-01
-8.064118326798106473e-01,-3.915074957620048868e-01,-4.431950325490492393e-01
2.039477551918556786e-01,-3.831500663930681450e-01,-9.008891939496168622e-01
2.729272012732350539e-01,6.967969361293658848e-01,6.633134798915875097e-01
-9.779106531001201530e-01,7.714499602595766004e-02,-1.942663227156257444e-01
-4.463168759056370116e-01,-8.861349511886118524e-01,1.247641557651425342e-01
-8.640753056948108357e-02,9.379615531310122600e-01,3.358003328005250698e-01
-8.470496957365961782e-03,1.632921535098905697e-01,9.865413946122065791e-01
-4.700814669722326311e-01,-1.851449227431754552e-01,-8.629859628010512207e-01
-8.861279501238634726e-01,3.167371411635335199e-01,-3.383117488601773415e-01
-1.857112889501810749e-02,3.177725692232023502e-01,-9.479850776361670173e-01
6.264905610843999328e-01,2.905743040556282297e-01,7.232400367061692092e-01
7.694648940332627918e-01,5.000565661572279330e-01,3.973250652720283216e-01
-5.279549560105361028e-01,8.488530219686887257e-01,-2.668541771338121121e-02
-8.772276819455541164e-01,-3.620011008887710213e-01,3.153201499805357022e-01
-9.906478147551343039e-01,-2.925038308743997673e-02,1.332716106682702573e-01
1.686869538560528958e-01,-6.749154583952676756e-01,7.183549509941944411e-01
6.183364495492865709e-01,-2.262067520545759935e-01,-7.526556586405912519e-01
-3.369437558292088797e-01,4.844410896462674199e-01,-8.073324817384988084e-01
-1.040500775031080738e-01,5.434499490520156018e-01,8.329680271456756380e-01
1.762085461357869587e-01,-8.743909548482653449e-01,-4.520962357156394495e-01
-5.305232118249587625e-01,-5.728429665269524351e-01,6.248168190882276152e-01
-2.033594233844641663e-01,2.771923683473653810e-01,-9.390470360161501384e-01
9.217426736253557518e-02,-1.605946442032901156e-01,-9.827071103280968778e-01
8.886518783452018733e-01,4.179893981049289109e-01,-1.886337779545956828e-01
-7.923904360521653034e-01,5.532233723163222372e-01,-2.570239233534795109e-01
-6.430129139296657526e-01,7.459346734698693582e-02,7.622140166310471532e-01
-5.918056469161341732e-02,1.298291626519603760e-02,9.981628647911284791e-01
-1.664541636968829563e-01,7.923656478642144840e-01,-5.868983655392941978e-01
-4.350785340725188965e-01,-9.500769093443565960e-02,-8.953659630858293861e-01
-4.017311472379389570e-02,3.690087030784693078e-02,9.985111149225692762e-01
4.327887023497968277e-01,-4.629908267410931359e-03,-9.014835012732148600e-01
-4.043806278053583281e-01,5.135170952654495302e-01,7.568199922873862784e-01
-9.992219313278005721e-01,-6.307718443253810744e-03,-3.893256530953041750e-02
-8.321383145035969875e-01,-5.286859421098001333e-01,-1.674425279031162839e-01
-9.600097323525647042e-02,-6.482965929192840981e-01,7.553114197118507844e-01
-7.341752011171458481e-01,-2.008921953275874528e-01,-6.485592493527948532e-01
-5.006687518033839934e-01,-3.689483487590870525e-01,7.830759330458219036e-01
2.354403033850064053e-01,-5.223652436798010834e-01,8.195745333630848339e-01
5.762438815099707456e-01,4.133731099635032380e-01,7.050288369857110604e-01
9.367957789986882666e-01,-3.326867376716016733e-02,3.482913490111623211e-01
-2.147462993260264019e-01,-1.105079590987967375e-01,-9.703978657754742665e-01
7.599409634695331039e-01,2.209071787372415829e-02,-6.496166040248827489e-01
-3.704465153931604804e-01,2.125303809573415165e-02,-9.286106221688217310e-01
4.620664466004939519e-01,8.128502445159857537e-01,3.546393645892896296e-01
-4.942022943055810434e-03,2.149513788474915685e-02,9.997567381401066822e-01
6.095097012385830570e-01,-5.475899303550364472e-01,-5.732740987257489707e-01
-5.660853839790354058e-01,8.219847047848761745e-01,6.235770317312972627e-02
-3.262029244593612765e-01,-6.497462602848283475e-02,9.430641282789941071e-01
7.600122633026134000e-01,5.483351260963740259e-01,3.488695302237107554e-01
-4.463305902354742227e-01,-8.800511995858384395e-01,1.621693260995427655e-01
9.390254052850985356e-02,7.777791113237539911e-01,6.214836819022065972e-01
-6.476363054213996051e-01,3.004067982702226525e-01,-7.002306558935800229e-01
6.756806397460879063e-03,-2.010061937721536671e-02,-9.997751300507327077e-01
-1.050323970508627441e-01,8.792980095261669904e-01,4.645462366794834153e-01
1.717351461964808645e-01,-4.393317070208538899e-01,-8.817565938324566366e-01
-1.702711927206051676e-02,1.270815402355926320e-02,9.997742645370546466e-01
-3.909356406556065838e-03,3.127690503672560518e-01,9.498211610955250572e-01
1.428084672216329565e-01,-4.476068412533145691e-01,-8.827535654717220126e-01
1.095020437905014771e-01,-2.309283515449672974e-01,-9.667892215257817279e-01
-2.453252869766611166e-01,9.661285882110085543e-01,-8.006906151081269463e-02
-1.759909534819397714e-01,-3.931106861596740387e-01,9.024916468974036876e-01
-6.629901455250936104e-01,4.801286410036680885e-01,-5.743871125161026381e-01
-7.522805886979125889e-01,-1.305944228833670617e-01,-6.457700926646281481e-01
-1.267132292135866034e-01,-6.157098975330677071e-01,-7.777178663384840540e-01
9.383828676149865711e-01,2.377494363066254557e-01,-2.508242398624114800e-01
8.911210778905644947e-01,-5.319945390995862305e-02,-4.506362642340723812e-01
-2.958781421442709947e-01,-1.976018662861668551e-01,9.345638701776772805e-01
4.518433477638095219e-01,8.905677487619603205e-01,-5.221756358398014358e-02
-4.049744101398121687e-01,9.142607271675214919e-01,1.109278553953794468e-02
-5.680900589057967520e-02,-4.975011405850858770e-01,8.656011506266975131e-01
5.356212875182445599e-01,-7.146338385702497575e-01,-4.498981141632493741e-01
-2.383528325674162396e-01,3.517891343482744126e-01,9.052250174191944776e-01
-5.646346540123636792e-01,-8.222738302951868583e-01,7.108766067342794925e-02
6.800624210954062665e-01,1.452332919013904489e-01,-7.186253504694500860e-01
-6.126923204388573518e-01,3.697198719899715685e-02,7.894562639170112917e-01
8.109712036233419630e-01,3.912401374504545504e-02,-5.837765141235005117e-01
-2.586526938637563611e-02,-1.883639771137124164e-01,-9.817586261222638333e-01
1.324612688390598980e-01,2.332511074304957632e-02,-9.909136952663287756e-01
8.500163198910632989e-01,-3.096642461444870653e-01,4.261224126687308544e-01
1.585436387618036069e-02,1.496406219458052723e-02,-9.997623297507854945e-01
-1.678068488443995310e-01,9.188094238316164841e-02,9.815287840444084644e-01
3.007449958268582080e-01,-9.134292453597180339e-01,2.742252016257427649e-01
9.184299616263549293e-01,1.344947327991379005e-01,3.720182420746335206e-01
3.756187484465455667e-02,4.183108569591847403e-01,-9.075269321117842569e-01
7.541788704282161859e-01,6.565930935368615717e-01,9.987037564470122378e-03
8.747172097427460269e-01,3.118498941567219782e-02,4.836292995828614383e-01
2.410995455775942209e-01,-8.624288458302745708e-01,4.450702135642623514e-01
-1.449939414997513110e-01,-5.133071269686154681e-01,8.458679272389941772e-01
5.113029685096278643e-01,-7.508513901873153928e-01,-4.180806910717336788e-01
6.155031963628957437e-01,-7.656915862901521042e-01,1.867410237508868309e-01
-8.521465988615424259e-01,4.496392877139252509e-01,-2.677138117333874301e-01
-7.479797991675886104e-01,-2.179410413899399157e-01,-6.269193907633440199e-01
-6.450144116863760768e-01,4.274253673266798503e-01,6.334539952376422312e-01
-6.852648902598331704e-01,4.682527606846300650e-01,-5.578094498019923186e-01
-8.635649838120400268e-02,4.148396362471871157e-01,-9.057872991964717180e-01
6.548391670887267202e-02,-4.671197278606273873e-01,-8.817658512869949172e-01
1.647721935049714648e-01,2.346518135260321491e-01,-9.580128656007206311e-01
-2.284420416227564421e-02,-1.637373504408843813e-02,9.996049435336433753e-01
-3.761379794248986830e-02,-2.758061929569559645e-01,-9.604770409181740964e-01
-2.900963418817933265e-02,6.119370996585917766e-01,-7.903742323644532553e-01
-8.880227869352212977e-01,-4.298405603144692111e-01,-1.632563095024071320e-01
1.331993122470555013e-01,-2.216281731787490550e-01,-9.659911469937816353e-01
6.411398995055927856e-03,5.143973051281232056e-01,-8.575280207899043106e-01
-5.375211312526477769e-01,3.975783787353110998e-01,7.436413559096046733e-01
-9.682006287080778817e-01,7.461499082172053793e-03,2.500637290786680289e-01
1.324604267865168907e-03,-2.066398295442206934e-01,-9.784161825468081775e-01
-8.880452806461770487e-01,-2.575768685934954477e-02,-4.590338997173392666e-01
1.685129484020406465e-01,-1.526296907757183630e-01,-9.738108459626847457e-01
5.001977360139826523e-01,5.083136098664076119e-01,7.010131945342167326e-01
-4.187561930437884161e-01,8.806489227672916753e-01,-2.215868353857740614e-01
-2.648800007156461578e-01,9.502721540215583636e-04,-9.642809145698739703e-01
7.538900659167339091e-01,9.381117360019892992e-02,-6.502685846785281054e-01
6.923381934663566106e-01,3.368060370746472354e-01,-6.381453747053354997e-01
6.754221630482902805e-01,-6.564645425881830976e-01,3.359452425435675016e-01
-3.094285394181107707e-01,-7.627154756016006898e-01,-5.679076353346542705e-01
-4.125812174326347614e-01,-2.098437413693066966e-01,8.864210868599282644e-01
-7.473016844594299046e-01,4.634368824824393052e-01,-4.762000087768336054e-01
2.114826571814097320e-02,-8.851724731581667172e-02,9.958501131117801775e-01
-7.416570136894423682e-02,9.498051357424676100e-01,-3.039237615878121468e-01
2.450201799846659367e-01,-2.187085047412512251e-01,9.445272369572663695e-01
8.053820995795736293e-01,-5.894805037876102993e-01,-6.222868575747887709e-02
3.176821452869295070e-01,9.466212248550909258e-01,5.464715198197926671e-02
3.267543516321401720e-01,-5.129174200873870548e-01,7.938181869045068950e-01
4.112790110823598133e-01,6.458317587319809538e-01,-6.432347273400843557e-01
7.812398493848722314e-01,-6.213356060046121287e-01,6.005299696088173961e-02
5.501314195369695452e-03,4.823192363011932077e-02,9.988210135379922416e-01
-8.292343875928942509e-01,4.538905567538554786e-01,3.261191391548688978e-01
-1.041338559743381770e-01,-6.023004306794993434e-01,7.914482492514627321e-01
1.577245066857446698e-01,-1.705639553684895060e-01,9.726412067765761726e-01
-4.741673129080800075e-01,-8.729374700774956697e-01,-1.146539694220506111e-01
3.136553318660144085e-01,-9.473398166908199025e-01,6.455698648654686900e-02
-8.758067448017735623e-01,-1.447278206246462307e-01,4.604523902608840813e-01
-2.356304059676403162e-01,-7.172419049529787927e-02,-9.691924227321008223e-01
1.480609380882840498e-01,-3.722793662068386855e-02,9.882773089307391734e-01
-9.810897630169467254e-01,1.339938575830064982e-01,1.396729144586607574e-01
1.832496842226184405e-02,9.374627955258041379e-01,-3.476027942023300898e-01
1.504060727109508555e-01,-8.302735431418677425e-01,5.366785414475943039e-01
5.850927021292101626e-01,5.998220366189024322e-01,5.457838897416187329e-01
1.622178851147088596e-01,4.374516080512334537e-01,8.844893715372170728e-01
-6.123202553952323823e-01,7.906057852786390061e-01,2.529252194639918395e-03
-3.571102064648626340e-02,5.835837729436272464e-02,-9.976567660292566808e-01
3.411791559628060133e-01,3.082327401846826284e-02,-9.394927936473433938e-01
-1.133705418667092235e-01,-9.889066008267962671e-01,9.597319979056714856e-02
1.961779180520411558e-01,8.422819091943404279e-01,5.020711203731036409e-01
1.487526988496591825e-02,1.375848473954604245e-01,9.903782793019126895e-01
-5.568756318760217233e-02,-1.766758353521556968e-01,9.826924974318491657e-01
1.141961302875650619e-01,-5.913301105738489882e-01,-7.983031655681098737e-01
5.363268673883577753e-01,-7.934923360956368521e-01,-2.876167656359404634e-01
2.795263127212558318e-01,-5.684513673627513697e-01,7.737752150591779010e-01
-7.325412873020592519e-01,5.816423322913341076e-01,3.536600906018929069e-01
-6.138263356875673926e-01,5.437769274501882411e-01,-5.722970232223878462e-01
7.126919209567710300e-01,-6.367651069463358127e-01,-2.942795004389011648e-01
1.562454904150863688e-01,1.413639774796743576e-01,9.775497801115170526e-01
9.137274143697450279e-01,2.235928797359189590e-01,-3.392763421763725917e-01
4.384134869998388973e-01,8.760520754425598078e-01,-2.008142811889274959e-01
-2.026181273945639252e-02,1.124989784594100373e-01,-9.934452369356352452e-01
-8.362051890325727932e-02,2.840776607478887605e-01,-9.551478898486649438e-01
8.239906606393824218e-01,-5.261156499913335338e-01,-2.103371436843022024e-01
-3.513727062107786098e-02,1.714039664288933562e-01,9.845740462279837235e-01
-3.372238746625740857e-01,-5.311513235619413908e-01,7.772762249264790757e-01
-3.697539963295366772e-02,-9.846591414175221990e-01,-1.705262297856005305e-01
-2.888122064090220542e-01,-7.290193768918970529e-02,9.546061056322203697e-01
-2.103607655241204744e-01,1.253265896364573750e-01,-9.695574218467934990e-01
-7.135350562144097131e-01,-2.847211437491112968e-02,-7.000407575678155858e-01
-2.588874099692435871e-01,-9.647751631536384265e-01,-4.675674840370420970e-02
6.826542340133304743e-01,8.625020063031645090e-02,-7.256335849965209750e-01
2.324315529467415042e-01,-9.301994804008394402e-01,2.840853742394609527e-01
-3.620211786794779729e-01,6.187057514167275674e-01,6.972401733630844145e-01
3.178719731302994123e-01,-1.600927046910255724e-01,9.345200557521290419e-01
-5.627269338517770780e-01,-8.229087567418119642e-01,-7.848296627563935979e-02
-6.103049639282630279e-02,4.536974907566956872e-02,9.971042394749186633e-01
-3.770638548978722665e-02,4.488305923820028465e-01,8.928209942845855007e-01
-8.494421478876303458e-03,2.544704518123954151e-01,9.670432430652388112e-01
-2.853321189855191897e-01,-3.646577997462605580e-01,-8.863465862513657534e-01
3.674491589989312690e-01,-3.274748928514862323e-01,8.704833772697131433e-01
-7.788449451408231694e-02,-1.302462429180606673e-01,9.884178882031705582e-01
4.755580541161084085e-01,5.928994419240608132e-02,-8.776840204099434217e-01
-1.251593854202930900e-01,6.546727441262492064e-01,7.454788570706893935e-01
-1.497672341142176067e-01,-8.911039187825856578e-01,-4.283731802016743639e-01
-2.236735490943286483e-02,-7.426671098098794332e-02,-9.969875410828471507e-01
2.715072266321307271e-01,-6.773695728554355311e-01,6.837062875651895855e-01
-3.096933687143256231e-01,-4.790621597948383492e-01,8.213339542640847313e-01
7.390764997903767064e-01,4.379611084055965442e-01,-5.118163684191299190e-01
5.605914718748440384e-01,3.811012104490844599e-01,7.351864178937467242e-01
-4.007079399970092104e-01,8.838359057124267615e-01,2.413860778852987554e-01
6.687659395039066146e-01,5.701861024794501187e-01,-4.771162611971543344e-01
7.860894015726132000e-01,-5.376965745318991186e-01,-3.048702125034073451e-01
-5.191490911593971136e-02,-3.400018691418605910e-01,-9.389907194384430333e-01
1.014048547596367172e-01,5.882240669906890762e-01,-8.023150892536611289e-01
7.825282490735719909e-01,6.021507757514977799e-01,1.583160846652013620e-01
2.811117424463470682e-01,-5.758966459728451781e-01,-7.676713107938879510e-01
8.070001256824597125e-01,-4.142456935380341432e-01,4.208934574612527846e-01
8.019559352766317817e-01,-3.548260207109577707e-02,-5.963284856728269245e-01
-1.662694279771063932e-01,9.788415502560026127e-01,1.192631410478167536e-01
-9.466679253551008033e-01,-2.533580371855433944e-01,-1.990717059186415117e-01
-8.829719653200477358e-01,1.516984285611145955e-01,-4.442387817727543875e-01
-2.170265999147691360e-01,-1.387069994266409423e-01,9.662607428843896784e-01
2.269317304964695026e-01,9.738839051174230654e-01,-7.220044813979907029e-03
-4.574264548852715051e-01,7.423415484955010746e-02,8.861435146887132186e-01
8.945861344549796978e-01,-2.185740439943642255e-01,-3.897961458671013735e-01
6.094500438422415511e-01,-7.927941016517420225e-01,6.939484627641684389e-03
1.052261018680114568e-01,-5.897947566986656565e-01,8.006682287042646839e-01
7.046581667566361729e-01,1.582964494185935544e-01,-6.916640095629116303e-01
-2.754071458875239076e-01,3.609126535285794163e-02,9.606499490237417893e-01
1.790207511804686735e-02,-8.599803631795605030e-01,-5.100130298845501065e-01
2.698588476698931538e-01,8.787678345388936219e-01,-3.936283720898443583e-01
-7.939017357437021527e-01,-5.843231137595236158e-01,1.681860062832573888e-01
6.025277264046213777e-01,3.092508413702787368e-02,-7.974985756004806525e-01
2.629757060511032640e-01,6.202723879123785977e-01,-7.389898123928363427e-01
6.999715908256389785e-01,5.126504169743726497e-02,-7.123283425056061713e-01
-4.930866666649139085e-02,3.490638857566741478e-03,9.987774881483557632e-01
3.983947074445064185e-02,2.599860342123539239e-02,-9.988678036611988720e-01
3.668457097035323078e-01,9.098516057523087230e-01,1.938924464285735894e-01
7.661335859047223584e-01,-6.043529655834081193e-01,2.186248419995116821e-01
-7.734888834180931871e-01,3.286960915245356052e-01,-5.419168078636477093e-01
8.419131077398459562e-01,3.692148625596956557e-01,-3.935259893334360770e-01
-1.865903795357189698e-01,2.182589084251743833e-02,9.821953271898857807e-01
-3.580825405246383930e-01,2.748482622081570570e-01,8.923201930543637195e-01
1.291625432229951131e-01,6.347841262870125567e-02,9.895895758132804421e-01
-8.038351532328935622e-01,5.752741632470150801e-01,1.513561479672932419e-01
-5.710596654938491223e-01,-3.547494751454715045e-01,7.402997152032855244e-01
6.734778146308511015e-01,4.163324527237908801e-01,-6.108149654429281261e-01
-9.676975729828182216e-01,1.864688073280288128e-01,1.696784934422325974e-01
6.863205328036841024e-01,7.020534066687672548e-01,-1.899608918615770803e-01
5.986601920327436765e-01,6.347284571429280542e-02,-7.984842968601498781e-01
4.765904889052484106e-01,-7.579776228136498872e-01,4.453441693778245614e-01
-1.644255926226114643e-04,9.835126252600834534e-05,-9.999999816456266455e-01
3.805404914058425625e-01,-2.701345220434544503e-01,8.844299149174875696e-01
-4.760394799200003413e-01,8.664057724501430524e-01,-1.507562636263136413e-01
-5.504158430614317643e-01,4.670569241970980445e-01,-6.920261767205916348e-01
-9.816218078849024975e-01,3.177634496130845448e-02,-1.881725011410423365e-01
9.914312695663735076e-01,1.306226035094509019e-01,1.331607457829363239e-03
9.659407391803097598e-01,2.536542377358361189e-01,5.116655226267253359e-02
-2.275612106628557840e-01,-1.656678287661725868e-01,9.595676453036322551e-01
6.661350362797912039e-01,2.465749853060977270e-01,7.038926694190094091e-01
5.886913457278906137e-01,2.071946034368526424e-01,7.813532464716138604e-01
6.613667191262065925e-01,-9.857997245959647381e-02,7.435563541938853271e-01
-2.152478397445505287e-01,9.588312088638658581e-01,-1.852325036108991851e-01
-6.637468215758347556e-01,-1.549593550347348192e-01,7.317292908823562758e-01
-1.003808758621924924e-01,-9.935050756969199259e-01,-5.358492629085666314e-02
-2.624601677681826506e-01,4.614816485580308658e-01,8.474369288503182940e-01
4.929917698283421412e-01,-8.065613671522549044e-01,-3.262175284974803136e-01
5.316477510813589769e-01,-7.805369813394124057e-01,-3.288049414648313573e-01
-3.099954095040943214e-01,-5.091312208788145721e-01,8.029248071973095202e-01
-7.157070354696206671e-01,-2.441901220215068058e-01,-6.543199704169274655e-01
-8.630525922345674283e-01,4.247647351999520038e-01,2.733407082154213352e-01
9.641618477695037548e-01,1.338859310756041199e-01,2.290556455661262591e-01
8.717196304751891889e-01,3.046835627945624347e-01,3.837614003609683966e-01
-2.612057614249088111e-01,7.442829657419025580e-01,6.146661021277092241e-01
-5.560360938854810864e-02,-9.817701829218765663e-01,1.817568335675745772e-01
8.027449464988895000e-02,-2.533062595987465859e-01,-9.640497623861525867e-01
-1.253053826505922397e-01,5.753826647439443942e-01,-8.082285259695715096e-01
4.223018286839699265e-01,-4.785839946500149433e-01,-7.698172026884105845e-01
2.785785372834557183e-01,-2.053363474649181342e-01,9.382062582261838646e-01
1.111549613600662859e-02,8.385837836149514501e-01,-5.446592362236066798e-01
1.886893095956361293e-03,1.126285897597633090e-01,-9.936353659180873210e-01
-4.224495727561085323e-02,6.568959575982930010e-01,7.527968281520609484e-01
4.540837126980401539e-01,-2.814216834561139025e-01,-8.453459752924186166e-01
-9.699387208972383434e-02,4.480967141565693201e-01,-8.887077829855706268e-01
1.066081044792777099e-01,-2.224293844454394153e-01,-9.691026163387230774e-01
7.048740147538498091e-01,-1.796467734606649325e-01,-6.862067182052081771e-01
-9.132213185823466750e-01,5.557868753363980063e-02,4.036555868296116123e-01
5.659752240480125929e-02,-8.545794859661101639e-02,9.947329588785610577e-01
5.706868653174821879e-03,3.111206243627274715e-01,-9.503532968040475648e-01
4.013720132851953948e-01,5.481053595799769557e-02,9.142736527426490456e-01
3.965262995625101240e-03,9.584051057203882285e-02,-9.953888050519085207e-01
-3.244476637098415717e-01,-1.279425158428011411e-01,-9.372109827317647301e-01
4.103633566758685958e-01,9.026044107501649538e-01,-1.300276631800377225e-01
-6.257117881595471998e-01,-6.447410177273114051e-01,4.390828830848824693e-01
-1.857725213552696361e-02,-6.902266589658287432e-02,9.974421072401253863e-01
5.992524374464478498e-01,6.574417376156140858e-01,4.568006981775017961e-01
8.001372841420670845e-01,5.584377344245997632e-01,-2.189237842183374694e-01
-4.895055721997717546e-01,1.475787126314629383e-01,-8.594212112598885733e-01
-1.368842112264221644e-01,9.527348610843847099e-02,-9.859947644697031333e-01
-6.081250494809212759e-01,6.907516205849455193e-02,7.908302891141814062e-01
-7.937896856740763729e-01,4.722016449791178738e-01,3.833060675184600807e-01
1.417510073959881434e-01,9.381859236658885992e-01,3.157749586927467988e-01
4.651952844272326248e-01,1.431500591428773450e-01,8.735567571223159522e-01
4.860786659762436068e-01,2.378032527277408603e-01,8.409382518799234374e-01
-2.919742119431670280e-01,8.495729588328261306e-01,4.392913010522785933e-01
1.883947211292688884e-01,3.956335405374841047e-02,-9.812961683745854424e-01
-4.733095863402252829e-02,8.030500174648698419e-02,-9.956459647130003754e-01
8.232428967099434391e-01,-1.417526872859542209e-01,-5.497065659639076562e-01
-3.878146176168315584e-01,-3.393304014741976293e-01,-8.570033261301094329e-01
-2.730661906071122913e-01,2.779684258012548974e-03,-9.619912311984688547e-01
-9.482150456933181593e-01,2.066962226239107414e-01,-2.411740008247684197e-01
8.242886405324822974e-01,-4.277678431447033414e-01,-3.708947417535611302e-01
3.735075843042774957e-01,5.320328893616637078e-01,-7.598901822662683658e-01
-6.081399641987939031e-01,-6.762169796606721725e-03,-7.938010185203415725e-01
5.181692665097143990e-01,6.679822872794541344e-02,-8.526655897147449314e-01
-7.123377717795122965e-01,3.325661013503423691e-01,6.180410076433708877e-01
8.148268037753646498e-01,8.300613460606516558e-02,-5.737310009638516561e-01
1.397430616428590178e-01,8.499609063635852335e-01,-5.079747379312014033e-01
-6.156468600897970767e-01,3.370101639149302164e-01,-7.123223238672263813e-01
-7.768456592298089713e-01,-6.287536946303233787e-01,3.434549787849531383e-02
-2.294930602308657419e-01,-5.596029298142541908e-01,-7.963526205451797457e-01
7.771496833392979031e-01,5.461934560869204786e-02,6.269410632355383317e-01
-6.513427536258967754e-01,-4.968108364862607318e-01,5.735255966814875039e-01
6.907264468014183700e-01,-3.131046498271169987e-01,-6.518147389755205579e-01
-7.378551928740074706e-01,-6.715036307781629965e-01,6.820988345251595419e-02
-9.303787240977670050e-05,5.892169039913137897e-05,-9.999999939360942891e-01
-7.040891345168429627e-01,-5.043245063921385496e-01,4.999152757294466620e-01
4.879761539084889188e-01,8.721569632632580893e-01,-3.495003073089526097e-02
8.680543640006869177e-01,-4.125295277543853389e-01,-2.762263743202427735e-01
7.722234466178958812e-01,-6.247982682566053381e-01,1.153172687723947598e-01
5.495214797010677943e-01,4.740567779097323853e-01,6.879653440871796866e-01
-5.286905684660501148e-01,-4.400864709078720904e-02,-8.476730040506677000e-01
2.224094478291935850e-01,-6.373478694974775705e-01,7.377816281009845767e-01
3.073625327899360271e-01,-1.357997499245244821e-01,-9.418528023833618867e-01
-9.563800900987183828e-01,-1.747421614410608337e-01,2.340989113124478105e-01
-4.562793672236767351e-01,-7.557099317465230115e-01,4.697995722705871069e-01
3.403463917750898515e-01,-5.713947182094235577e-01,7.467746712416338806e-01
-8.880583937538358841e-01,2.404042644722586830e-01,3.918648732750988906e-01
1.237879452563186988e-01,-3.209889352112030997e-02,9.917893958113982444e-01
-9.690651253836521373e-02,7.946029870732954775e-03,-9.952617688010251262e-01
9.108660218638131578e-02,8.613614332974085519e-01,-4.997596543639490352e-01
-1.768637197003885830e-01,-9.409602225111950435e-01,2.886400601188695014e-01
-4.326940329268473273e-01,-2.372338358100597455e-01,-8.697677741882289260e-01
-1.133924938735264565e-01,7.725287976352503139e-02,-9.905423438204873365e-01
6.610024657067669063e-01,-1.715865418711277901e-01,7.305024291392070435e-01
-1.027996239212898427e-01,-1.461898920365249377e-01,9.839007840163511709e-01
1.535574928305910407e-02,-2.953549319281588773e-02,9.994457742197987438e-01
-3.780311435998141567e-01,8.478886040752816600e-01,3.717221671462263011e-01
-1.561219438731835663e-01,8.363010900093407196e-01,5.255724740608541667e-01
-8.015052623936576304e-02,-5.095753522267719715e-01,8.566848040828750621e-01
-4.850219002196613505e-01,-4.197364323275818432e-01,-7.671864725633672499e-01
7.008230310468962498e-01,4.317076935284582806e-01,-5.678693040679163584e-01
4.741459407704985973e-01,-8.591906826108810513e-01,-1.922940398595523459e-01
-9.594104510797719643e-01,2.136701365213605486e-01,-1.840561303457496356e-01
-9.404443160846779337e-01,1.144760207697326782e-01,3.200933129772475794e-01
-2.986175115813575753e-01,-8.789902689967460381e-01,3.717575672208783821e-01
4.438570166981184451e-01,8.771938627961342605e-02,8.917938427678081537e-01
-7.639420835637448226e-01,5.818195138207533645e-01,2.790672791598229341e-01
2.180143084551425525e-01,2.309329723773218546e-01,-9.482297841651047277e-01
-2.802504205112134605e-01,3.295729962868051977e-02,9.593609947274661653e-01
-6.480642247148713508e-01,7.379951704560316905e-01,-1.880847921238861797e-01
4.463634365107910229e-01,2.109201801902231277e-01,-8.696392126248683185e-01
-3.149852870284816087e-01,3.956780357183208863e-01,-8.626836969629577689e-01
-6.014878786383024423e-01,-7.073509120326803012e-01,-3.713044830024679333e-01
3.844652926552977884e-02,-8.127679535174107961e-02,9.959497712860754248e-01
1.228053410956141817e-01,6.153213389264920730e-02,-9.905214004235379788e-01
-8.786278390308974728e-01,2.666144753306760040e-01,3.961437138514807277e-01
3.296210106281479146e-01,-1.406534429821991727e-01,9.335773124544809454e-01
6.802718724141543216e-01,-3.040528300835854680e-01,6.669198273558095691e-01
2.439968892079592000e-01,-8.497403319491207974e-01,-4.673402254416335055e-01
-6.545525330795924912e-01,6.563670474066770621e-01,-3.751576742087653349e-01
-9.961931874531123124e-03,6.099235441013141530e-03,-9.999317772930123027e-01
6.018071713068363637e-01,1.793602342380524461e-01,7.782403452261614785e-01
-9.571825156530004985e-01,-1.468304194802842189e-01,-2.494843875745277606e-01
1.337249920882694135e-02,2.328574923186377580e-04,-9.999105570211258565e-01
-8.426529971331109259e-01,1.743575040103747809e-01,5.094461573295624435e-01
-3.852488197253774865e-02,2.492497747545072140e-02,-9.989467347996340285e-01
-6.729682250436350710e-01,6.794725166440181985e-01,-2.922855918567726086e-01
-1.221655371968898840e-01,-7.422765224367660064e-01,-6.588635258993903454e-01
-3.440870767392366636e-01,-5.081391796298784236e-01,7.895559877210233113e-01
-8.066330578196281853e-02,-6.720595662987901564e-01,-7.360905993467160568e-01
2.655846085617659114e-01,2.992914538498739896e-01,9.164548223166935070e-01
3.904736274242748828e-01,-4.203943416158752999e-01,-8.190231643998130417e-01
9.216582037823418949e-02,9.449465725015935291e-01,3.139768091300657038e-01
-8.051459456531654402e-01,5.925168022290104863e-01,-2.576519502308435849e-02
4.274738100874356933e-02,3.073696677506261299e-01,-9.506295539082314505e-01
3.058724732875147123e-01,5.901196703453398529e-01,7.471283723407150523e-01
-9.762382291166311985e-04,3.993318024280692602e-02,-9.992018755359777238e-01
8.162919096630313343e-01,5.405696489598393883e-01,2.035975757275062248e-01
1.553030112407592089e-01,-6.262811999131758789e-01,-7.639717490423748592e-01
2.556433547248542770e-01,9.617753233001715696e-01,9.815652131097989119e-02
2.903681068323836212e-01,-9.490064723373289324e-01,1.227724643250106829e-01
-8.242142799057058378e-01,-9.467478385958018328e-02,-5.583077163183941538e-01
-1.464488259700686031e-02,1.897406533610675738e-01,9.817250184628255605e-01
-8.955184760399722554e-01,-3.847989059382483368e-01,2.235541568832322967e-01
-1.986208151766591656e-01,-5.655795798318914436e-01,-8.004183347823440320e-01
-1.931893417046138817e-01,9.079863729865518263e-01,-3.718045517774954400e-01
-9.580014463670183389e-01,-1.532469369449501739e-01,2.423811153445977751e-01
6.249530505217363308e-01,3.595991275449669233e-01,6.929084731134946828e-01
3.300734070739874126e-01,9.759631336597218709e-02,-9.388964296235984275e-01
7.833924081467819045e-01,6.140712759115475317e-01,-9.598334729706944901e-02
1.150665417714340638e-01,-8.712634861913180762e-02,9.895295297973983883e-01
2.538411615196818905e-01,5.733108111561165815e-02,-9.655453442777578443e-01
1.888542359274162918e-01,-3.308022619858999938e-03,9.819995593474664108e-01
-5.493017629997350992e-01,-8.100264188084416173e-01,2.052432069466709197e-01
9.541052292374410104e-01,1.612505905998072031e-01,2.523518547048614336e-01
3.983094327486328967e-01,-4.418615676922405672e-02,9.161862143327784702e-01
3.849829765777996737e-01,1.394459334135943890e-02,9.228183223483599207e-01
-4.504530967814576042e-02,5.463081391994331626e-02,9.974900471916722244e-01
1.890915523577443164e-02,1.141337003517825521e-02,-9.997560596629107010e-01
-4.277972875896143279e-01,-6.728883431802169524e-01,6.034987641604175890e-01
-1.777430852198457617e-02,-2.026594897035929044e-01,9.790879455848920943e-01
-3.548991722292865747e-01,7.317656664395877364e-01,5.818638904169884940e-01
6.606988121118079205e-01,-1.859668304317361326e-02,-7.504207107042273339e-01
-5.648642054636419108e-01,2.173912087330291121e-01,7.960335996373024692e-01
2.686906116019595059e-01,-2.877836881672403702e-01,9.192311483309437703e-01
1.594575883509891656e-01,4.187665957968288999e-01,-8.939842368643989845e-01
-8.703823514734849720e-01,3.501182234524102266e-01,3.461961753832861199e-01
-2.435508262203940968e-02,-1.871238514771188521e-01,-9.820343650600231733e-01
3.865730348491701607e-01,3.885943008106843011e-01,8.363944990881740926e-01
-5.383835625781420164e-01,-5.905908260733712389e-02,8.406278393601103183e-01
-1.048876555356128421e-01,-9.661244081384152693e-01,-2.358012038040505631e-01
5.467305078710208432e-01,-1.602239812435884425e-01,-8.218357668035323194e-01
-2.210312106547029920e-01,6.970827000245459759e-01,-6.820710470640175549e-01
-2.854581959102818756e-01,4.065286712333727737e-01,8.678986449193680786e-01
-3.851484596025441243e-01,2.703076982321410138e-01,-8.823799705015006323e-01
-4.936200064929633508e-02,-2.777287454471276118e-01,9.593905027903202321e-01
-6.935597283375882771e-01,2.095102527185843111e-01,6.892607324039907724e-01
3.771020850913593958e-01,-2.965690027171890009e-01,8.774057465318317872e-01
-1.511848624622232629e-01,9.464971812404335827e-01,-2.851073890066558869e-01
-2.452403544309759292e-02,-1.461584868538129134e-01,-9.889571620683018649e-01
-1.581450717597896183e-01,-1.705375156258561731e-01,9.725775506571452400e-01
-3.379566265570654870e-01,-6.903535088312481305e-01,-6.396853534438254885e-01
2.611287150942552815e-01,6.115953514879577529e-02,9.633645755442777903e-01
2.617683654464321719e-01,3.272710891857043281e-02,9.645756886804348618e-01
1.722880645886304130e-01,-2.720362477815422841e-01,9.467381383958518581e-01
1.503610332056352639e-01,-2.634178819179825992e-01,9.528916933099886855e-01
-2.006154719853118773e-01,2.994677239269230018e-01,-9.327767764723448041e-01
-3.288798845149718542e-01,-7.249342931140786428e-01,-6.052340805247254929e-01
5.910104857086048713e-02,-4.759981248324502978e-01,8.774581763331035233e-01
3.965458480190847679e-01,-7.148613901579502494e-01,5.759553657014298000e-01
4.963265089969067789e-01,-5.963981181071449367e-01,6.308480650562379166e-01
-6.834878782973129452e-01,-7.285954239666350141e-01,4.464334659853411852e-02
7.775368328947531715e-01,-4.376866074672404738e-01,4.515162313093676327e-01
-9.085053282978230449e-01,2.224015907742136755e-01,3.537733750235652064e-01
2.758361217151791278e-01,1.907672851941881187e-01,-9.420840073245952961e-01
-4.788433612939544393e-01,-7.524500456464925380e-01,-4.522476800949880027e-01
-3.496096850177883297e-01,-6.332510601562754138e-01,-6.904825580365633320e-01
3.090382035998362475e-01,3.907754620157390113e-02,-9.502464596612028025e-01
-9.221793817200524268e-01,-7.109161320710380427e-02,-3.801725535359351538e-01
3.400851511032725871e-01,1.608488530201013580e-02,-9.402570746683511782e-01
-5.672884568005062134e-01,7.532618894977163859e-02,-8.200669314386499487e-01
8.485305620747812805e-01,2.643234779954884983e-01,-4.583982811981565098e-01
9.539371547326028211e-02,-2.155762496738724554e-01,9.718162993203781630e-01
-8.984659987662498848e-01,1.360540138427933365e-01,4.174304186067781530e-01
7.088432351364609696e-01,-1.963085210375896394e-01,6.774985111196261123e-01
2.920933079364509966e-01,2.605125765247181535e-01,-9.202253511674162167e-01
9.032332017283707382e-01,-4.194025218304519437e-02,-4.270957720960708026e-01
-2.886562443303187786e-01,5.069761754084357586e-01,-8.121900825406268565e-01
-7.445686925895353969e-01,4.608961586398589994e-01,-4.828997752810947341e-01
1.073140166630848213e-01,2.629553244808010004e-01,9.588212550599990447e-01
-2.950457860880099092e-01,-6.403949881111812292e-01,-7.091137026695989443e-01
-7.379959998274872313e-02,5.617305508808877468e-01,8.240220914814363473e-01
9.498314265567741055e-01,-1.683300487152038782e-01,2.636005611235692214e-01
-9.265667041035026419e-02,-3.740499176608422932e-02,-9.949952804005890439e-01
4.542438522256081468e-02,-6.110741577361225585e-02,9.970970408965333931e-01
5.942306768310267051e-01,7.470358965187021694e-01,-2.980390444647124659e-01
-1.945382361391607695e-01,7.227436786403180768e-01,6.631715084842870755e-01
1.372723532970934468e-01,-5.236009516967915500e-01,-8.408319358840339319e-01
8.964415965007453690e-02,8.024967611195341632e-01,-5.898837792593464302e-01
5.083053715944976236e-01,9.181046685441571209e-02,-8.562689340295804863e-01
1.524898955287633806e-01,-7.629696803491161639e-01,-6.281911322436781742e-01
8.759874101008437997e-01,3.905863712176640412e-01,2.829988409231268820e-01
1.655882595323107942e-01,-6.381865945342551916e-02,9.841278915926667814e-01
1.011258507684408697e-02,9.252939255853155241e-04,9.999484383978080038e-01
-1.508684793806260305e-01,3.755485333016109206e-01,9.144408133194769084e-01
-6.322089444412084536e-01,-7.070059273402246047e-01,-3.169455304532974305e-01
7.831752510746365914e-01,5.526785203342465813e-01,2.849262698757835666e-01
-5.839820002219314743e-02,7.060947404873707534e-02,9.957931273154724261e-01
-3.317702663053629930e-01,2.825918868632065761e-01,9.000390635271122708e-01
-7.306967519775244835e-01,3.410416730555918541e-01,5.914159567419016161e-01
9.918107818084165306e-01,-1.270998368750953234e-01,-1.253014584518930517e-02
8.693063852671566449e-01,-4.628986049572798023e-01,-1.732953838460623563e-01
-2.944228830460596247e-01,-7.474115415429722908e-01,5.955595297761627771e-01
-6.839444914772002670e-01,2.242737788128973397e-01,6.942054484912787427e-01
-7.761450867533788156e-02,-5.385502634522080362e-02,9.955278118568268164e-01
-3.772622816210838281e-01,2.369818458795889815e-01,-8.952724588579482612e-01
-1.593042928362105870e-01,-5.967859532877176632e-01,-7.864277895919147277e-01
4.352210251123397877e-02,-1.171770702713945539e-01,9.921569234731038023e-01
3.350909428442019194e-02,2.339102245883790780e-03,-9.994356753693162121e-01
-2.442625154301317492e-01,2.845388020286163111e-02,9.692915971250064544e-01
-6.875640847327061378e-01,-1.087006272568152992e-01,-7.179413646111018066e-01
-8.306408796594632049e-01,-5.517588870623595376e-01,-7.481884512781238061e-02
-7.623744395675147167e-02,9.015137712022822658e-01,4.259821269391241838e-01
6.612412061622824355e-01,5.110305827873179441e-02,-7.484307213814852533e-01
7.359287798673139758e-01,-4.748860696429112460e-01,-4.825889056144106459e-01
1.046179513017754092e-03,-1.189180173149793516e-03,9.999987456786845197e-01
-1.497964830575662931e-01,3.154858385340225113e-01,-9.370323897006276326e-01
8.415272893894234496e-01,-4.588298913407021229e-01,-2.851437392354406741e-01
-2.052499747530726719e-03,5.670362897017745818e-02,9.983889451042609053e-01
